{
  "1. Login" : {
    "transaction" : "1. Login",
    "sampleCount" : 250,
    "errorCount" : 1,
    "errorPct" : 0.4,
    "meanResTime" : 150.29999999999993,
    "medianResTime" : 149.0,
    "minResTime" : 41.0,
    "maxResTime" : 221.0,
    "pct1ResTime" : 157.0,
    "pct2ResTime" : 165.69999999999993,
    "pct3ResTime" : 208.49,
    "throughput" : 23.786869647954326,
    "receivedKBytesPerSec" : 11.41017111679353,
    "sentKBytesPerSec" : 6.594816692435775
  },
  "2. Create Image Post" : {
    "transaction" : "2. Create Image Post",
    "sampleCount" : 250,
    "errorCount" : 1,
    "errorPct" : 0.4,
    "meanResTime" : 3.8680000000000017,
    "medianResTime" : 4.0,
    "minResTime" : 1.0,
    "maxResTime" : 14.0,
    "pct1ResTime" : 5.0,
    "pct2ResTime" : 6.0,
    "pct3ResTime" : 11.0,
    "throughput" : 23.898288882516013,
    "receivedKBytesPerSec" : 16.446690385718384,
    "sentKBytesPerSec" : 12.500112023229136
  },
  "3. Get Created Post" : {
    "transaction" : "3. Get Created Post",
    "sampleCount" : 250,
    "errorCount" : 1,
    "errorPct" : 0.4,
    "meanResTime" : 1.5200000000000005,
    "medianResTime" : 2.0,
    "minResTime" : 0.0,
    "maxResTime" : 4.0,
    "pct1ResTime" : 2.0,
    "pct2ResTime" : 2.0,
    "pct3ResTime" : 3.490000000000009,
    "throughput" : 23.902858781910318,
    "receivedKBytesPerSec" : 16.14367336145903,
    "sentKBytesPerSec" : 4.902793796013003
  },
  "Total" : {
    "transaction" : "Total",
    "sampleCount" : 1500,
    "errorCount" : 6,
    "errorPct" : 0.4,
    "meanResTime" : 27.01933333333332,
    "medianResTime" : 2.0,
    "minResTime" : 0.0,
    "maxResTime" : 221.0,
    "pct1ResTime" : 147.0,
    "pct2ResTime" : 152.0,
    "pct3ResTime" : 162.0,
    "throughput" : 142.6126640045636,
    "receivedKBytesPerSec" : 96.32891234074918,
    "sentKBytesPerSec" : 44.0804045743012
  },
  "5. Update Created Post" : {
    "transaction" : "5. Update Created Post",
    "sampleCount" : 250,
    "errorCount" : 1,
    "errorPct" : 0.4,
    "meanResTime" : 2.508000000000002,
    "medianResTime" : 3.0,
    "minResTime" : 1.0,
    "maxResTime" : 6.0,
    "pct1ResTime" : 4.0,
    "pct2ResTime" : 4.0,
    "pct3ResTime" : 5.0,
    "throughput" : 23.90743042937745,
    "receivedKBytesPerSec" : 13.934203015922348,
    "sentKBytesPerSec" : 9.545601929329635
  },
  "4. Get User Posts" : {
    "transaction" : "4. Get User Posts",
    "sampleCount" : 250,
    "errorCount" : 1,
    "errorPct" : 0.4,
    "meanResTime" : 2.024000000000001,
    "medianResTime" : 2.0,
    "minResTime" : 1.0,
    "maxResTime" : 17.0,
    "pct1ResTime" : 3.0,
    "pct2ResTime" : 3.0,
    "pct3ResTime" : 4.0,
    "throughput" : 23.905144387072095,
    "receivedKBytesPerSec" : 28.758542353939568,
    "sentKBytesPerSec" : 5.173782929336393
  },
  "6. Delete Created Post" : {
    "transaction" : "6. Delete Created Post",
    "sampleCount" : 250,
    "errorCount" : 1,
    "errorPct" : 0.4,
    "meanResTime" : 1.8959999999999997,
    "medianResTime" : 2.0,
    "minResTime" : 0.0,
    "maxResTime" : 8.0,
    "pct1ResTime" : 3.0,
    "pct2ResTime" : 3.0,
    "pct3ResTime" : 4.490000000000009,
    "throughput" : 23.90743042937745,
    "receivedKBytesPerSec" : 10.127598438844792,
    "sentKBytesPerSec" : 5.580797402457684
  }
}